"","cluster","Fresh <- as.numeric(Fresh)","Milk <- as.numeric(Milk)","Grocery <- as.numeric(Grocery)","Frozen <- as.numeric(Frozen)","DetergentsAndPaper <- as.numeric(DetergentsAndPaper)","Delicatessen <- as.numeric(Delicatessen)"
"1",1,53626.5,21964.75,15477.5,22270,3034,11258.25
"2",2,5994.3125,11048.28125,16585.828125,1496.375,7570.328125,1619.203125
"3",3,17459.2857142857,35012.8571428571,45837.2857142857,3078.85714285714,24229.8571428571,2640.57142857143
"4",4,8180.08387096774,2987.67096774194,3833.21290322581,1744.42580645161,1080.93548387097,866.445161290323
"5",5,34120.6285714286,3327.34285714286,5089.37142857143,4084.91428571429,996.285714285714,2037.94285714286
"6",6,12664.6857142857,3777.97142857143,3538.31428571429,10345.4,458.314285714286,1385.65714285714
