"","Fresh <- as.numeric(Fresh)","Milk <- as.numeric(Milk)","Grocery <- as.numeric(Grocery)","Frozen <- as.numeric(Frozen)","DetergentsAndPaper <- as.numeric(DetergentsAndPaper)","Delicatessen <- as.numeric(Delicatessen)"
"1",3.17929764589107,2.128647205274,0.837961706063351,3.69217714881881,0.0177856649921595,5.66425159011723
"2",-0.466213768569146,0.687606739464628,0.958950332837561,-0.345259827682671,0.967055556659283,0.123566313769596
"3",0.411253610378319,3.85107694200305,4.15213257286393,-0.0376981037069698,4.45322077007328,0.710665888521522
"4",-0.298926585248765,-0.37644298777459,-0.433165746019816,-0.297050162878442,-0.390911697843495,-0.309131547364069
"5",1.68642317016286,-0.331604226364253,-0.296039482087568,0.157833119613219,-0.408625468847183,0.364264911731927
"6",0.0443007168591846,-0.272118506086948,-0.465357817993386,1.37458351891601,-0.521201117179502,-0.0106798208731586
